{"true_positive": 1616, "true_negative": 2637, "false_negative": 576, "false_positive": 396, "accuracy": 0.813971, "precision": 0.803181, "recall": 0.737226, "support": 2192, "f1-score": 0.768792}